Actual Price (Original),Predicted Price (Original),Price Difference
10844.0,10351.374,492.6259765625
4959.0,6735.049,1776.048828125
14781.0,14418.416,362.583984375
3858.0,4386.6733,528.67333984375
12898.0,11501.159,1396.8408203125
10529.0,10723.22,194.2197265625
16079.0,14890.224,1188.7763671875
7229.0,7383.31,154.31005859375
3597.0,4256.331,659.3310546875
16289.0,14826.632,1462.3681640625
3943.0,4324.3286,381.32861328125
15764.0,16741.05,977.05078125
14815.0,16816.246,2001.24609375
6591.0,7043.0054,452.00537109375
5126.0,5847.435,721.43505859375
2754.0,3037.8376,283.837646484375
4030.0,5359.5635,1329.5634765625
6171.0,6027.5283,143.4716796875
15809.0,14391.794,1417.2060546875
4148.0,5205.5767,1057.57666015625
2175.0,2274.09,99.090087890625
4823.0,4800.574,22.42578125
7608.0,6180.198,1427.8017578125
14298.0,12220.57,2077.4296875
14151.0,13293.546,857.4541015625
5406.0,5900.3525,494.3525390625
3100.0,3121.0144,21.014404296875
13014.0,13748.199,734.19921875
10577.0,10496.526,80.4736328125
8040.0,7168.9937,871.00634765625
5192.0,8032.171,2840.1708984375
14533.0,11450.8545,3082.1455078125
4812.0,5339.5845,527.58447265625
9027.0,9092.6045,65.6044921875
4823.0,4496.1865,326.8134765625
13542.0,10095.905,3446.0947265625
9922.0,9041.123,880.876953125
13044.0,13641.604,597.603515625
7757.0,10002.94,2245.9404296875
4760.0,5147.232,387.23193359375
4107.0,4571.7275,464.7275390625
3383.0,4190.105,807.10498046875
14330.0,14022.028,307.9716796875
6117.0,7145.67,1028.669921875
8918.0,10922.517,2004.5166015625
5403.0,5239.195,163.80517578125
9646.0,8789.895,856.10546875
14714.0,14631.95,82.0498046875
22153.0,29813.428,7660.427734375
8849.0,7129.087,1719.9130859375
9646.0,9195.156,450.84375
10919.0,10905.071,13.9287109375
8586.0,9711.201,1125.201171875
7574.0,8681.698,1107.6982421875
17057.0,15212.117,1844.8828125
8146.0,8047.1167,98.88330078125
7591.0,8169.7725,578.7724609375
6287.0,6679.211,392.2109375
10262.0,10885.162,623.162109375
6128.0,7193.6494,1065.6494140625
16079.0,14885.45,1193.5498046875
9134.0,11446.858,2312.8583984375
4332.0,4302.8467,29.1533203125
10315.0,13112.189,2797.189453125
16736.0,17365.977,629.9765625
10262.0,10540.45,278.4501953125
7932.0,6874.5293,1057.470703125
6017.0,8091.435,2074.43505859375
14053.0,12903.841,1149.1591796875
10141.0,7442.936,2698.06396484375
5613.0,5633.6147,20.61474609375
9103.0,9776.052,673.0517578125
15129.0,14657.054,471.9462890625
3841.0,4109.2036,268.20361328125
4804.0,4475.194,328.80615234375
8016.0,6865.841,1150.1591796875
4273.0,4549.5093,276.50927734375
8620.0,10257.985,1637.9853515625
13307.0,12086.393,1220.607421875
11087.0,11392.337,305.3369140625
5621.0,4307.484,1313.51611328125
7189.0,6907.2344,281.765625
4174.0,4310.7163,136.71630859375
7229.0,7629.987,400.98681640625
13727.0,10943.794,2783.2060546875
7354.0,9657.405,2303.4052734375
3542.999999999999,3224.3044,318.6955566406241
15187.0,13105.105,2081.89453125
14939.0,13947.396,991.603515625
7102.0,8023.5483,921.54833984375
3419.0,4095.9446,676.944580078125
8355.0,9430.924,1075.923828125
10741.0,7941.5835,2799.41650390625
13817.0,14349.364,532.3642578125
4823.0,4604.6104,218.3896484375
8372.0,9020.318,648.318359375
4049.999999999999,4861.082,811.0820312500009
12898.0,11630.677,1267.3232421875
13817.0,13940.099,123.0986328125
8996.0,6191.539,2804.4609375
8330.0,7108.922,1221.078125
10844.0,9954.952,889.0478515625
6688.0,6240.6064,447.3935546875
7503.0,7295.2495,207.75048828125
26890.0,23946.451,2943.548828125
4804.0,4419.4624,384.53759765625
4777.0,5428.232,651.23193359375
7171.0,5952.0557,1218.9443359375
5054.0,5781.7783,727.7783203125
15129.0,14880.94,248.0595703125
10844.0,10410.212,433.7880859375
10197.0,10523.977,326.9765625
7452.0,7668.056,216.05615234375
7191.0,7392.172,201.171875
13677.0,13600.725,76.275390625
11491.0,10825.244,665.755859375
15812.0,15908.687,96.6865234375
3850.0,4981.367,1131.3671875
7229.0,7642.509,413.5087890625
8586.0,10218.761,1632.7607421875
13067.0,12950.6875,116.3125
4423.0,4490.3535,67.353515625
2754.0,3428.9758,674.975830078125
6838.0,10219.5625,3381.5625
4508.0,4832.474,324.47412109375
9254.0,8704.131,549.869140625
3841.0,3945.7278,104.727783203125
4886.0,6258.7974,1372.79736328125
5775.0,6742.7256,967.7255859375
10262.0,10531.358,269.3583984375
5626.0,9353.885,3727.884765625
7530.0,9146.245,1616.2451171875
11134.0,10222.81,911.1904296875
10203.0,9357.136,845.8642578125
8372.0,8575.5205,203.5205078125
13310.0,11391.159,1918.8408203125
3419.0,4336.73,917.72998046875
13759.0,14316.743,557.7431640625
8586.0,10570.875,1984.875
7673.0,7948.2515,275.25146484375
12898.0,11653.23,1244.76953125
11841.0,10061.0205,1779.9794921875
6741.0,6579.319,161.68115234375
10844.0,10446.275,397.724609375
4483.0,3936.4353,546.564697265625
15554.0,14847.618,706.3818359375
7832.0,7832.7573,0.75732421875
3717.0,4183.955,466.955078125
6442.0,5857.6724,584.32763671875
12898.0,11385.077,1512.9228515625
8016.0,7477.639,538.36083984375
9646.0,9093.7705,552.2294921875
11728.0,11009.699,718.30078125
7229.0,7337.0986,108.0986328125
13628.0,13713.045,85.044921875
14151.0,13162.622,988.3779296875
14323.0,11446.28,2876.7197265625
7094.0,7771.4126,677.41259765625
18736.0,13161.341,5574.6591796875
6144.0,5148.509,995.4912109375
12373.0,11347.664,1025.3359375
4409.000000000001,4382.9766,26.02343750000091
9508.0,10402.662,894.662109375
6838.0,7129.0723,291.072265625
7804.0,8439.307,635.306640625
7295.0,6900.799,394.201171875
9314.0,10197.972,883.9716796875
10262.0,10597.949,335.94921875
5176.0,5435.017,259.01708984375
4282.0,4108.4805,173.51953125
12898.0,11329.373,1568.626953125
10368.0,10990.503,622.5029296875
7354.0,9342.031,1988.03125
6442.0,6675.0894,233.08935546875
4697.0,5597.0024,900.00244140625
6734.0,6421.431,312.56884765625
10844.0,10630.373,213.626953125
4226.0,4503.973,277.97314453125
6069.0,6855.0444,786.04443359375
11399.0,11403.946,4.9462890625
4030.0,4857.2603,827.26025390625
15147.0,15419.595,272.5947265625
14781.0,14458.539,322.4609375
4441.0,6073.3354,1632.33544921875
4525.0,6120.155,1595.15478515625
11789.0,9986.696,1802.3037109375
4995.0,4603.725,391.27490234375
7408.0,11103.029,3695.029296875
9663.0,10104.449,441.44921875
9920.0,12091.131,2171.130859375
8066.0,10077.552,2011.5517578125
10844.0,10423.124,420.8759765625
7064.0,7255.015,191.01513671875
4885.0,3926.9739,958.026123046875
7164.0,6152.3364,1011.66357421875
5746.0,5767.442,21.44189453125
8479.0,8655.246,176.24609375
9663.0,9689.667,26.6669921875
3841.0,4062.0354,221.035400390625
5678.0,5838.289,160.2890625
12475.0,8856.051,3618.94921875
15170.0,14208.935,961.0654296875
4462.0,4870.7207,408.720703125
16704.0,14789.365,1914.634765625
3943.0,4784.095,841.09521484375
16079.0,14694.818,1384.181640625
15200.0,15169.457,30.54296875
27210.0,19214.361,7995.638671875
16289.0,16708.033,419.033203125
2017.0,2598.804,581.803955078125
16704.0,14712.445,1991.5546875
13014.0,13351.293,337.29296875
14960.0,13506.55,1453.4501953125
7229.0,7474.27,245.27001953125
8714.0,8899.362,185.3623046875
11667.0,10674.082,992.91796875
6416.0,7035.233,619.23291015625
4729.0,5265.645,536.64501953125
7872.0,7435.32,436.68017578125
5192.0,4524.87,667.1298828125
4437.0,4215.7734,221.2265625
14781.0,13961.545,819.455078125
3807.0,4087.402,280.402099609375
5403.0,5354.6255,48.37451171875
2754.0,3309.5813,555.581298828125
5894.0,6661.6035,767.603515625
12704.0,15027.784,2323.7841796875
11299.0,9473.649,1825.3505859375
10368.0,10881.688,513.6884765625
15129.0,14712.445,416.5546875
5438.0,5787.8916,349.8916015625
1965.0,2025.7443,60.7442626953125
2646.999999999999,2314.4846,332.5153808593741
3943.0,4036.5457,93.545654296875
14924.0,15057.828,133.828125
4049.0,4551.9062,502.90625
5320.0,6092.5923,772.59228515625
4148.0,4689.6323,541.63232421875
6827.0,5929.824,897.17578125
12681.0,12977.559,296.55859375
3809.000000000001,4044.5505,235.5505371093741
10368.0,10668.464,300.4638671875
6565.0,7573.322,1008.32177734375
9029.0,7587.2075,1441.79248046875
10651.0,10871.071,220.0712890625
4804.0,4634.586,169.4140625
14571.0,14067.722,503.2783203125
12488.0,12468.088,19.912109375
3850.0,4101.171,251.1708984375
4804.0,4756.6465,47.353515625
7480.0,7877.5215,397.521484375
13014.0,13525.917,511.9169921875
3841.0,4150.2046,309.20458984375
7153.0,10157.741,3004.7412109375
8586.0,10017.984,1431.984375
2646.999999999999,2262.9553,384.0446777343741
8285.0,7706.257,578.7431640625
4226.0,4530.8657,304.86572265625
4409.000000000001,4419.077,10.07714843749909
12373.0,11227.288,1145.7119140625
4544.0,5005.6714,461.67138671875
10844.0,10411.095,432.9052734375
3841.0,3643.5994,197.400634765625
12080.0,11028.722,1051.2783203125
4812.0,5369.1885,557.1884765625
7695.0,9608.491,1913.4912109375
16389.0,13286.532,3102.4677734375
10844.0,10406.355,437.64453125
10262.0,10409.01,147.009765625
13222.0,12376.905,845.0947265625
10368.0,10773.453,405.453125
16163.0,13801.724,2361.2763671875
10844.0,10257.395,586.60546875
12395.0,12980.844,585.84375
11038.0,12991.82,1953.8203125
7408.0,10919.459,3511.458984375
15147.0,15381.397,234.3974609375
13727.0,11200.569,2526.4306640625
22950.0,19483.688,3466.3125
10262.0,10613.459,351.458984375
14388.0,14042.265,345.7353515625
5883.0,6613.889,730.88916015625
10197.0,11571.426,1374.42578125
10919.0,10918.621,0.37890625
4886.0,6342.574,1456.57421875
7503.0,7392.172,110.828125
7408.0,9893.896,2485.896484375
5232.0,5316.3945,84.39453125
21571.0,14134.828,7436.171875
13817.0,13817.977,0.9765625
11410.0,9214.076,2195.923828125
14151.0,13129.92,1021.080078125
13941.0,13728.957,212.04296875
8586.0,10089.259,1503.2587890625
6818.0,6726.716,91.2841796875
6565.0,7892.348,1327.34814453125
8452.0,8707.559,255.55859375
4668.0,5164.081,496.0810546875
4804.0,4537.8706,266.12939453125
16108.0,11783.748,4324.251953125
6643.0,8541.066,1898.06640625
5403.0,5352.715,50.28515625
12819.0,13786.24,967.240234375
4804.0,4221.579,582.4208984375
1965.0,2247.115,282.114990234375
11702.0,12638.149,936.1494140625
7670.0,9168.235,1498.2353515625
10844.0,10247.835,596.1650390625
12898.0,11562.548,1335.4521484375
9417.0,8609.644,807.3564453125
3597.0,4245.176,648.17578125
13377.0,10431.97,2945.0302734375
12677.0,13372.326,695.326171875
16108.0,11654.343,4453.6572265625
10413.0,9847.546,565.4541015625
22270.0,22766.738,496.73828125
10844.0,10247.387,596.61328125
5620.0,7340.566,1720.56591796875
2227.0,2556.7976,329.797607421875
7229.0,6093.776,1135.22412109375
4804.0,4477.8857,326.1142578125
8586.0,9729.088,1143.087890625
16697.0,15076.508,1620.4921875
9653.0,10325.677,672.6767578125
14388.0,13999.662,388.337890625
12373.0,11558.657,814.3427734375
4106.0,5059.0117,953.01171875
15077.0,14786.399,290.6005859375
7690.0,7808.8105,118.810546875
6121.0,5663.043,457.95703125
11432.0,11892.823,460.8232421875
12692.0,13110.39,418.3896484375
6752.0,6933.0522,181.05224609375
5694.0,5550.8267,143.17333984375
5443.0,6678.047,1235.046875
6224.0,9271.801,3047.80078125
7308.0,8737.244,1429.244140625
7229.0,6175.7397,1053.26025390625
16704.0,14732.547,1971.453125
6528.0,7021.388,493.38818359375
14151.0,13326.902,824.09765625
8662.0,8594.101,67.8994140625
10844.0,10333.166,510.833984375
10262.0,10477.832,215.83203125
10919.0,10908.72,10.2802734375
2017.0,2443.0618,426.061767578125
17703.0,15374.746,2328.25390625
12819.0,13798.721,979.720703125
4423.0,4279.3164,143.68359375
13882.0,13895.695,13.6953125
12524.0,10036.335,2487.6650390625
6305.0,10116.664,3811.6640625
16263.0,16514.0,251.0
7731.0,6312.294,1418.7060546875
15170.0,14150.074,1019.92578125
10676.0,11050.483,374.4833984375
4227.0,4124.175,102.8251953125
7317.0,8943.833,1626.8330078125
9663.0,9961.533,298.533203125
8907.0,8200.574,706.42578125
25735.0,25163.504,571.49609375
15129.0,14777.9375,351.0625
4174.0,4394.789,220.7890625
13775.0,14744.493,969.4931640625
7408.0,9928.963,2520.962890625
8586.0,9946.709,1360.708984375
4649.0,5521.83,872.830078125
26890.0,23838.031,3051.96875
4729.0,5299.554,570.55419921875
11260.0,13308.468,2048.4677734375
12121.0,13227.257,1106.2568359375
5694.0,5876.8013,182.80126953125
8576.0,8643.782,67.7822265625
25703.0,17744.973,7958.02734375
5678.0,6145.4653,467.46533203125
12395.0,12769.676,374.67578125
2017.0,2553.1887,536.188720703125
10262.0,10507.585,245.5849609375
4778.0,5562.636,784.63623046875
11507.0,11125.136,381.8642578125
7725.0,9253.458,1528.4580078125
9663.0,10015.248,352.248046875
6961.0,5374.883,1586.1171875
12954.0,9992.474,2961.5263671875
18371.0,14636.174,3734.826171875
4878.0,5206.7617,328.76171875
10539.0,10037.966,501.0341796875
14815.0,16698.566,1883.56640625
15103.0,13222.613,1880.38671875
13899.0,14053.284,154.2841796875
4823.0,4955.092,132.091796875
6674.0,6495.397,178.60302734375
9790.0,11674.84,1884.83984375
11093.0,12632.328,1539.328125
26890.0,29311.549,2421.548828125
13381.0,13235.78,145.2197265625
4804.0,4594.7295,209.2705078125
6628.0,7073.975,445.97509765625
11087.0,10335.465,751.53515625
3873.0,4355.0073,482.00732421875
10919.0,10905.071,13.9287109375
9330.0,8640.927,689.0732421875
8879.0,8921.622,42.6220703125
10467.0,10443.611,23.388671875
6540.0,8717.537,2177.537109375
6316.0,7262.6343,946.63427734375
5224.0,4697.439,526.56103515625
21730.0,14048.2705,7681.7294921875
7202.0,6111.4434,1090.556640625
13029.0,12157.305,871.6953125
27992.0,26145.514,1846.486328125
13067.0,13240.359,173.359375
6934.0,6178.7207,755.279296875
4148.0,4897.764,749.76416015625
13882.0,13834.799,47.201171875
31825.0,30531.94,1293.060546875
10262.0,10500.744,238.744140625
6540.0,7741.5283,1201.5283203125
10678.0,10171.422,506.578125
12898.0,11547.688,1350.3115234375
6218.0,6312.375,94.375
5298.0,5002.382,295.6181640625
8016.0,7477.639,538.36083984375
14851.0,13332.247,1518.7529296875
14388.0,14115.905,272.0947265625
13377.0,11355.766,2021.234375
3918.999999999999,4018.4514,99.45141601562591
5201.0,5360.4214,159.42138671875
3873.0,4324.8535,451.853515625
4823.0,5158.079,335.0791015625
5583.0,7001.8945,1418.89453125
11753.0,11775.826,22.826171875
6094.0,6156.293,62.29296875
6692.0,7195.411,503.4111328125
4777.0,5053.926,276.92578125
15078.0,11085.492,3992.5078125
3342.0,3929.3318,587.331787109375
10067.0,5428.232,4638.76806640625
7725.0,12441.756,4716.755859375
10844.0,10629.574,214.42578125
4804.0,4599.991,204.0087890625
14714.0,14870.451,156.451171875
14571.0,14167.291,403.708984375
3943.0,4218.8955,275.8955078125
7185.0,11580.022,4395.0224609375
9564.0,8841.545,722.455078125
5678.0,7217.476,1539.47607421875
10588.0,10943.703,355.703125
3841.0,3911.1199,70.119873046875
6065.0,6819.6255,754.62548828125
2227.0,2589.386,362.385986328125
11791.0,12445.742,654.7421875
9526.0,10073.577,547.5771484375
13014.0,13249.343,235.3427734375
2437.0,2973.4177,536.417724609375
12681.0,13100.939,419.939453125
10262.0,10853.9795,591.9794921875
6093.0,6632.381,539.380859375
13587.0,10315.07,3271.9296875
2754.0,3511.472,757.471923828125
6542.0,7861.9434,1319.943359375
14067.0,11759.691,2307.30859375
12692.0,13179.611,487.611328125
4483.0,3960.1765,522.823486328125
6197.0,6177.4927,19.50732421875
11087.0,10329.3545,757.6455078125
10262.0,10502.766,240.765625
10844.0,10555.656,288.34375
4591.0,4326.091,264.9091796875
4804.0,4521.7134,282.28662109375
4459.999999999999,4718.4487,258.4487304687509
3850.0,4059.3303,209.330322265625
7791.0,9444.639,1653.638671875
11087.0,11310.405,223.4052734375
14151.0,13760.902,390.09765625
10031.0,9992.913,38.0869140625
13587.0,11210.565,2376.4345703125
10919.0,11075.739,156.7392578125
6093.0,6215.1006,122.1005859375
7198.0,9091.478,1893.4775390625
5228.0,5549.091,321.0908203125
3943.0,4581.059,638.05908203125
10031.0,10233.698,202.6982421875
10262.0,10622.551,360.55078125
10368.0,10852.593,484.5927734375
6841.0,6231.7583,609.24169921875
6152.0,6772.942,620.94189453125
11087.0,10375.836,711.1640625
5117.0,5699.3867,582.38671875
9899.0,9989.123,90.123046875
5644.0,4601.7456,1042.25439453125
2017.0,2620.986,603.986083984375
6565.0,7798.252,1233.251953125
7893.0,7606.726,286.27392578125
9863.0,10890.628,1027.6279296875
5895.0,6059.2783,164.2783203125
9564.0,8706.05,857.9501953125
12214.0,11545.188,668.8115234375
12395.0,13118.085,723.0849609375
12373.0,11350.36,1022.6396484375
7662.0,8188.412,526.412109375
14053.0,12797.939,1255.060546875
11538.0,12518.425,980.4248046875
15135.0,15764.164,629.1640625
13547.0,12061.246,1485.75390625
5911.0,5591.003,319.9970703125
18371.0,14587.465,3783.53515625
14714.0,14173.749,540.2509765625
12803.0,12410.093,392.9072265625
13941.0,14271.349,330.3486328125
4282.0,4238.1167,43.88330078125
4227.0,4948.556,721.55615234375
3841.0,4097.315,256.31494140625
10262.0,10378.302,116.3017578125
11467.0,13146.554,1679.5537109375
3100.0,3608.2292,508.229248046875
16079.0,14708.885,1370.115234375
3257.0,3430.681,173.680908203125
9646.0,8714.079,931.9208984375
14714.0,14288.82,425.1796875
7048.0,7125.807,77.80712890625
8366.0,8531.854,165.853515625
4668.0,4985.6143,317.6142578125
13611.0,13075.456,535.5439453125
7191.0,7069.6475,121.3525390625
15554.0,15115.641,438.359375
14848.0,10308.915,4539.0849609375
4483.0,3903.0676,579.932373046875
3210.0,3199.26,10.739990234375
15554.0,14305.634,1248.3662109375
15554.0,14830.734,723.265625
4409.000000000001,4356.061,52.93896484375091
6961.0,5426.251,1534.7490234375
10844.0,10386.926,457.07421875
7229.0,6175.7397,1053.26025390625
6216.0,6001.3223,214.677734375
11087.0,10062.614,1024.3857421875
12692.0,13650.66,958.66015625
10703.0,11011.174,308.173828125
10844.0,10362.791,481.208984375
11467.0,13315.252,1848.251953125
5769.0,6164.605,395.60498046875
3841.0,3660.5173,180.482666015625
12898.0,11468.705,1429.294921875
7923.0,8855.5,932.5
3807.0,4235.4224,428.42236328125
6106.0,8457.53,2351.5302734375
9103.0,10489.669,1386.6689453125
6027.0,7120.4346,1093.4345703125
5912.0,5851.163,60.8369140625
13626.0,14015.393,389.392578125
6147.0,6370.7734,223.7734375
7408.0,9921.81,2513.8095703125
10262.0,11430.882,1168.8818359375
10021.0,10250.19,229.1904296875
5176.0,5433.7637,257.763671875
4129.0,4288.818,159.81787109375
12192.0,11501.98,690.01953125
12961.0,12233.308,727.6923828125
14714.0,14159.669,554.3310546875
3943.0,4794.615,851.615234375
15554.0,14468.923,1085.0771484375
21219.0,19495.973,1723.02734375
10405.0,9121.114,1283.8857421875
12609.0,13656.851,1047.8505859375
7670.0,9837.416,2167.416015625
14067.0,10621.838,3445.162109375
13067.0,13736.822,669.822265625
14781.0,13853.365,927.634765625
14069.0,14959.217,890.216796875
11717.0,14103.161,2386.1611328125
14441.0,14852.884,411.8837890625
6934.0,6157.8447,776.1552734375
2017.0,2617.617,600.616943359375
24318.0,14883.801,9434.19921875
14151.0,13270.217,880.783203125
6860.0,7594.2285,734.228515625
5769.0,5445.1963,323.8037109375
6628.0,6992.6826,364.6826171875
8529.0,9782.43,1253.4296875
8366.0,8799.344,433.34375
15129.0,14815.842,313.158203125
7160.0,5900.5957,1259.404296875
5224.0,4641.2783,582.7216796875
4823.0,4870.366,47.3662109375
18799.0,17477.748,1321.251953125
7927.0,8574.473,647.47265625
6297.0,4990.018,1306.98193359375
6442.0,5401.936,1040.06396484375
6795.0,9520.097,2725.0966796875
13014.0,13580.79,566.7900390625
15129.0,14870.918,258.08203125
4823.0,4723.0933,99.90673828125
6513.0,7728.0034,1215.00341796875
8588.0,8782.2705,194.2705078125
6093.0,6694.212,601.2119140625
4878.0,5219.4824,341.482421875
12488.0,12391.692,96.3076171875
10844.0,10484.779,359.220703125
6810.0,7514.7466,704.74658203125
5224.0,4565.3125,658.6875
14388.0,14082.559,305.44140625
4145.0,5062.2773,917.27734375
6093.0,6689.451,596.451171875
3625.0,3174.1326,450.867431640625
12383.0,9550.253,2832.7470703125
6790.0,6357.8027,432.197265625
3419.0,4200.6714,781.67138671875
1965.0,1863.318,101.6820068359375
12649.0,17534.498,4885.498046875
7878.0,8549.726,671.7255859375
13797.0,11058.785,2738.21484375
8371.0,8512.009,141.0087890625
10844.0,10199.008,644.9921875
3850.0,4060.9128,210.912841796875
13022.0,12189.941,832.05859375
4647.0,4457.5664,189.43359375
3943.0,4574.5366,631.53662109375
11087.0,10506.277,580.72265625
3807.0,4263.449,456.44921875
14714.0,14011.716,702.2841796875
13377.0,11141.813,2235.1865234375
6587.0,7930.3955,1343.3955078125
14388.0,13715.925,672.0751953125
15077.0,15072.01,4.990234375
11789.0,11387.659,401.3408203125
13759.0,14310.489,551.4892578125
11401.0,12350.361,949.361328125
8073.0,10943.794,2870.7939453125
4239.0,4318.5186,79.5185546875
12802.0,12399.159,402.8408203125
4077.0,4555.9,478.89990234375
10031.0,10012.068,18.931640625
6144.0,7634.6714,1490.67138671875
4282.0,4356.6523,74.65234375
4804.0,4615.5527,188.447265625
5613.0,5289.038,323.9619140625
5201.0,6015.226,814.22607421875
5998.0,6644.555,646.55517578125
7723.0,11030.81,3307.8095703125
4462.0,4907.196,445.19580078125
6300.0,4948.5933,1351.40673828125
8372.0,9084.975,712.974609375
15129.0,14660.269,468.7314453125
18485.0,17994.676,490.32421875
12409.0,12183.879,225.12109375
7064.0,7013.334,50.666015625
17057.0,16490.953,566.046875
6979.0,7116.205,137.205078125
6565.0,6585.3296,20.32958984375
22270.0,24052.86,1782.859375
13759.0,14114.733,355.7333984375
11707.0,11009.695,697.3046875
5521.0,5514.819,6.18115234375
4804.0,4380.6475,423.3525390625
14960.0,13378.441,1581.55859375
8040.0,6451.672,1588.328125
5515.0,6104.5425,589.54248046875
6297.0,5342.7627,954.2373046875
9345.0,9045.425,299.5751953125
13044.0,13741.371,697.37109375
10262.0,10702.428,440.427734375
5192.0,6686.2754,1494.275390625
11793.0,9843.254,1949.74609375
14323.0,10308.263,4014.7373046875
10196.0,8583.925,1612.0751953125
3943.0,4463.706,520.7060546875
2754.0,2925.485,171.485107421875
4239.0,4364.619,125.619140625
8366.0,8594.467,228.466796875
14231.0,14261.742,30.7421875
11507.0,11140.6455,366.3544921875
10844.0,10042.826,801.173828125
14714.0,14760.957,46.95703125
14871.0,14034.973,836.02734375
14151.0,13242.973,908.02734375
5192.0,6820.194,1628.19384765625
10671.0,8231.359,2439.640625
9663.0,10134.577,471.5771484375
12648.0,12939.694,291.6943359375
10697.0,11541.821,844.8212890625
15147.0,15805.314,658.314453125
13843.0,12909.572,933.427734375
6528.0,7033.117,505.1171875
8266.0,10258.463,1992.462890625
5403.0,5255.256,147.744140625
8996.0,6252.7295,2743.2705078125
5831.0,5855.3276,24.32763671875
7080.0,4325.7603,2754.23974609375
5403.0,5960.996,557.99609375
6144.0,5498.1104,645.8896484375
8708.0,10797.387,2089.38671875
16736.0,17057.06,321.060546875
11573.0,9677.758,1895.2421875
4760.0,5205.328,445.328125
5636.0,6262.094,626.09423828125
5515.0,5345.961,169.0390625
3858.0,4288.1177,430.11767578125
4823.0,4455.625,367.375
9627.0,10913.531,1286.53125
13584.0,13937.813,353.8134765625
8610.0,8903.475,293.474609375
9064.0,11246.515,2182.5146484375
13227.0,13670.111,443.111328125
36235.0,26692.365,9542.634765625
7408.0,10882.767,3474.7666015625
4340.0,4449.8027,109.802734375
10844.0,10483.627,360.373046875
6058.0,6823.7065,765.70654296875
13376.0,13576.415,200.4150390625
10262.0,10490.526,228.5263671875
13882.0,13790.608,91.3916015625
15078.0,11417.913,3660.0869140625
4340.0,4483.6406,143.640625
7893.0,7896.3394,3.33935546875
6223.0,5919.8936,303.1064453125
12373.0,11276.1,1096.900390625
5054.0,5436.9277,382.927734375
6015.0,5515.5566,499.443359375
3841.0,3604.1643,236.835693359375
11188.0,8921.039,2266.9609375
10368.0,10724.455,356.455078125
7295.0,5804.898,1490.10205078125
6493.0,6493.9243,0.92431640625
2754.0,3323.7512,569.751220703125
3918.999999999999,3750.3416,168.6584472656241
3807.0,4188.9155,381.91552734375
3873.0,3968.4026,95.402587890625
4483.0,3915.4485,567.551513671875
15164.0,14660.355,503.64453125
10276.0,10374.492,98.4921875
17493.0,16235.691,1257.30859375
10919.0,10975.913,56.9130859375
4435.0,6305.7256,1870.7255859375
3419.0,4261.919,842.9189453125
4939.0,6306.038,1367.0380859375
11552.0,12901.305,1349.3046875
6147.0,6025.3027,121.697265625
9653.0,10361.207,708.20703125
4404.999999999999,5318.5454,913.5454101562509
15422.0,14008.79,1413.2099609375
10262.0,10727.911,465.9111328125
14151.0,13518.372,632.6279296875
3597.0,4302.998,705.998046875
8330.0,7486.8037,843.1962890625
10715.0,15566.953,4851.953125
5935.0,5832.253,102.7470703125
12898.0,10743.336,2154.6640625
9158.0,8451.351,706.6494140625
10262.0,11117.56,855.5595703125
4591.0,4350.2925,240.70751953125
4148.0,5298.989,1150.98876953125
13465.0,11545.523,1919.4765625
6117.0,6423.162,306.162109375
4804.0,4626.8022,177.19775390625
8016.0,7573.314,442.68603515625
6681.0,6891.05,210.0498046875
5769.0,5829.725,60.72509765625
13292.0,13827.973,535.97265625
11281.0,11081.32,199.6796875
4423.0,4510.761,87.76123046875
4777.0,5053.926,276.92578125
3847.000000000001,4280.711,433.7109374999991
7064.0,7111.028,47.02783203125
3943.0,4489.106,546.10595703125
5963.0,7661.9873,1698.9873046875
4823.0,4854.035,31.03515625
8153.0,9929.57,1776.5703125
4668.0,4960.2124,292.21240234375
8586.0,9762.129,1176.12890625
4667.0,4834.188,167.18798828125
14871.0,14580.13,290.8701171875
4804.0,4329.927,474.0732421875
8837.0,10115.72,1278.7197265625
16655.0,16969.502,314.501953125
7229.0,7388.2305,159.23046875
4077.0,4337.8394,260.83935546875
8420.0,4977.053,3442.94677734375
4148.0,5483.2065,1335.20654296875
15025.0,17007.416,1982.416015625
6741.0,6064.3413,676.65869140625
3419.0,4432.841,1013.8408203125
8110.0,9074.013,964.0126953125
6478.0,5389.902,1088.09814453125
13759.0,14099.38,340.3798828125
4030.0,5345.761,1315.76123046875
8452.0,8734.495,282.4951171875
3873.0,4008.8445,135.844482421875
10031.0,10103.662,72.662109375
24210.0,19536.086,4673.9140625
11150.0,11019.401,130.5986328125
17261.0,17302.6,41.599609375
7202.0,6304.994,897.005859375
7005.0,9259.135,2254.134765625
9929.0,9084.1,844.900390625
13364.0,13134.227,229.7734375
4049.0,3754.8596,294.140380859375
15113.0,14955.143,157.857421875
8016.0,7624.4194,391.58056640625
9564.0,8779.782,784.2177734375
9254.0,8765.253,488.7470703125
14781.0,14051.942,729.0576171875
13377.0,9722.376,3654.6240234375
19595.0,18521.781,1073.21875
7664.0,9642.972,1978.9716796875
4423.0,4542.51,119.509765625
8586.0,10259.552,1673.5517578125
18308.0,8766.849,9541.1513671875
4049.0,3741.346,307.654052734375
17476.0,14110.427,3365.5732421875
10262.0,10722.032,460.0322265625
12192.0,11568.58,623.419921875
14151.0,13400.517,750.4833984375
7064.0,7226.677,162.6767578125
13587.0,10822.626,2764.3740234375
9663.0,9577.345,85.6552734375
6287.0,5899.2437,387.75634765625
3873.0,4391.926,518.92578125
4878.0,5233.5366,355.53662109375
3943.0,4141.5464,198.54638671875
2071.0,3197.5212,1126.521240234375
5298.0,5790.3125,492.3125
15544.0,14170.151,1373.8486328125
17057.0,15694.934,1362.06640625
4823.0,5004.85,181.85009765625
8005.0,8488.771,483.771484375
9134.0,9804.327,670.3271484375
17996.0,16668.488,1327.51171875
7229.0,7608.708,379.7080078125
9316.0,9612.872,296.8720703125
6300.0,4909.8823,1390.11767578125
11360.0,13203.949,1843.94921875
11982.0,9808.901,2173.0986328125
6838.0,7336.676,498.67578125
14151.0,13229.659,921.3408203125
15400.0,13156.182,2243.818359375
18581.0,15148.73,3432.26953125
3383.0,4314.535,931.53515625
6416.0,6847.5474,431.54736328125
3625.0,3853.053,228.052978515625
14781.0,14531.892,249.1083984375
9920.0,11690.532,1770.5322265625
5224.0,4676.875,547.125
9555.0,9090.123,464.876953125
14151.0,13409.065,741.9345703125
9237.0,10382.553,1145.552734375
8452.0,8801.801,349.80078125
11467.0,11468.091,1.0908203125
6961.0,5702.1763,1258.82373046875
15284.0,14845.874,438.1259765625
16289.0,16484.053,195.052734375
3542.999999999999,3244.2703,298.7297363281241
7787.0,10258.463,2471.462890625
5830.0,5435.623,394.376953125
5883.0,6501.9434,618.943359375
4409.000000000001,5212.1714,803.1713867187491
3841.0,4208.677,367.6767578125
7673.0,8333.72,660.7197265625
11934.0,12286.211,352.2109375
4823.0,4616.9907,206.00927734375
7451.0,7999.319,548.31884765625
10844.0,10360.295,483.705078125
6076.0,7253.3154,1177.3154296875
2575.000000000001,3299.8855,724.8854980468741
27992.0,26397.344,1594.65625
3597.0,3807.618,210.617919921875
6216.0,6519.329,303.3291015625
11105.0,11249.637,144.63671875
10945.0,11448.593,503.5927734375
5406.0,5416.3657,10.36572265625
9916.0,11326.626,1410.6259765625
3687.0,4320.996,633.99609375
6046.0,4958.607,1087.39306640625
17471.0,17033.977,437.0234375
7298.0,9617.292,2319.2919921875
16389.0,13928.35,2460.650390625
10368.0,10633.393,265.392578125
7258.0,8119.6646,861.66455078125
13377.0,10333.277,3043.72265625
13542.0,11002.167,2539.8330078125
3573.0,3932.172,359.172119140625
6979.0,6980.9224,1.92236328125
4049.0,3701.4568,347.543212890625
5725.0,4000.0276,1724.972412109375
13941.0,13895.121,45.87890625
14871.0,13618.072,1252.927734375
3100.0,3103.3875,3.387451171875
7229.0,7655.582,426.58203125
4804.0,4330.7627,473.2373046875
5678.0,5364.403,313.59716796875
7060.0,11027.495,3967.4951171875
10262.0,10782.749,520.7490234375
7363.0,9849.897,2486.8974609375
14714.0,14111.309,602.69140625
4995.0,4611.114,383.88623046875
6117.0,7196.437,1079.43701171875
4823.0,5349.356,526.35595703125
10697.0,11895.948,1198.9482421875
8040.0,7045.9756,994.0244140625
12224.0,12490.631,266.630859375
3841.0,3967.0999,126.099853515625
11841.0,10385.345,1455.6552734375
3897.999999999999,4432.841,534.8408203125009
14815.0,17278.867,2463.8671875
5678.0,7305.149,1627.14892578125
10678.0,9725.562,952.4384765625
4148.0,5156.0073,1008.00732421875
11150.0,11019.401,130.5986328125
6857.0,5294.1597,1562.84033203125
10262.0,10690.362,428.3623046875
4692.0,5392.405,700.40478515625
10991.0,11888.687,897.6865234375
5201.0,5911.113,710.11279296875
11096.0,9847.546,1248.4541015625
3918.999999999999,3978.657,59.65698242187591
6300.0,5234.641,1065.35888671875
14714.0,14668.175,45.8251953125
3419.0,4410.6274,991.62744140625
5277.0,4361.389,915.61083984375
4239.0,4180.7666,58.2333984375
14714.0,14624.726,89.2744140625
12681.0,13205.631,524.630859375
8085.0,8619.312,534.3115234375
16274.0,15876.018,397.982421875
13014.0,13706.036,692.0361328125
8656.0,8738.685,82.6845703125
10368.0,11080.747,712.7470703125
11702.0,12986.236,1284.236328125
6205.0,6259.764,54.76416015625
3419.0,4187.1714,768.17138671875
5644.0,4706.655,937.34521484375
12032.0,12591.815,559.8154296875
13376.0,13625.123,249.123046875
13817.0,14465.275,648.275390625
17024.0,17607.97,583.970703125
7064.0,7425.9863,361.986328125
8586.0,9651.78,1065.7802734375
14441.0,14896.102,455.1015625
13941.0,13854.502,86.498046875
14848.0,11759.899,3088.1005859375
7947.0,7158.7,788.2998046875
12898.0,11534.262,1363.73828125
3918.999999999999,3927.6257,8.62573242187591
12373.0,11641.1455,731.8544921875
4995.0,4828.458,166.5419921875
11087.0,10406.496,680.50390625
4462.0,5142.876,680.8759765625
3841.0,3641.466,199.533935546875
10262.0,10617.039,355.0390625
12692.0,13047.192,355.1923828125
5769.0,5440.802,328.1982421875
4823.0,4721.1924,101.8076171875
7485.0,9134.823,1649.8232421875
14781.0,14254.207,526.79296875
10262.0,10595.399,333.3994140625
6591.0,6186.6294,404.37060546875
8610.0,8857.167,247.1669921875
4804.0,4499.0576,304.9423828125
3943.0,4336.73,393.72998046875
12121.0,13536.773,1415.7734375
4668.0,5024.6475,356.6474609375
7198.0,9976.459,2778.458984375
6587.0,7982.5674,1395.5673828125
4319.0,3520.7937,798.206298828125
2759.0,2975.8079,216.807861328125
5957.0,6685.992,728.9921875
13014.0,13358.296,344.2958984375
57209.0,24169.375,33039.625
13014.0,13614.699,600.69921875
10844.0,10411.095,432.9052734375
20694.0,16731.943,3962.056640625
12102.0,11385.073,716.9267578125
8028.0,7335.162,692.837890625
7503.0,7216.392,286.60791015625
7934.0,8361.595,427.5947265625
7229.0,7474.27,245.27001953125
3383.0,4492.827,1109.8271484375
3383.0,4208.97,825.97021484375
14714.0,14285.193,428.806640625
10262.0,10504.327,242.3271484375
9794.0,11147.334,1353.333984375
5510.0,5196.443,313.55712890625
4668.0,5219.916,551.916015625
15129.0,14693.126,435.8740234375
16704.0,14777.9375,1926.0625
10577.0,10623.919,46.9189453125
9663.0,9982.077,319.0771484375
14300.0,14113.3125,186.6875
10877.0,9793.901,1083.0986328125
4959.0,6659.701,1700.701171875
8586.0,9415.26,829.259765625
4823.0,4477.522,345.47802734375
11421.0,9607.48,1813.51953125
9483.0,12268.236,2785.236328125
7295.0,6100.7534,1194.24658203125
8586.0,9752.305,1166.3046875
13469.0,10872.307,2596.693359375
5298.0,5314.349,16.34912109375
15107.0,13356.743,1750.2568359375
4995.0,4737.396,257.60400390625
13587.0,10868.032,2718.9677734375
7832.0,7994.7905,162.79052734375
10197.0,11543.121,1346.12109375
7202.0,6273.0938,928.90625
6991.0,5733.864,1257.13623046875
10037.0,10158.092,121.091796875
34273.0,9215.689,25057.310546875
12327.0,9699.15,2627.849609375
8073.0,9169.075,1096.0751953125
3873.0,4290.2456,417.24560546875
12242.0,12639.838,397.837890625
14086.0,12142.771,1943.228515625
10467.0,10569.371,102.37109375
10262.0,11013.81,751.8095703125
6138.0,7046.8374,908.83740234375
5177.0,6531.7876,1354.78759765625
7648.0,6530.2812,1117.71875
6968.0,5427.5474,1540.45263671875
9296.0,8704.131,591.869140625
7591.0,7050.3823,540.61767578125
9103.0,9671.968,568.9677734375
15136.0,12494.373,2641.626953125
4878.0,5291.219,413.21923828125
6883.0,9639.178,2756.177734375
13014.0,13951.5205,937.5205078125
17024.0,16702.709,321.291015625
11822.0,12400.974,578.9736328125
7989.0,6776.2153,1212.78466796875
10368.0,12404.631,2036.630859375
8290.0,7841.413,448.5869140625
7229.0,5888.516,1340.48388671875
15129.0,14602.409,526.5908203125
3687.0,4309.34,622.33984375
10262.0,10445.976,183.9755859375
10031.0,10012.068,18.931640625
8854.0,12919.744,4065.744140625
9899.0,10003.3,104.2998046875
6297.0,5602.0664,694.93359375
7575.0,10315.423,2740.4228515625
4804.0,4536.796,267.2041015625
3574.0,4271.3105,697.310546875
6795.0,10348.181,3553.1806640625
8820.0,8993.277,173.27734375
4077.0,4165.3047,88.3046875
10203.0,9410.279,792.720703125
11522.0,12944.274,1422.2744140625
11596.0,12788.083,1192.0830078125
5769.0,6033.8296,264.82958984375
6121.0,5273.4683,847.53173828125
4030.0,5469.181,1439.18115234375
10539.0,10869.651,330.6513671875
7480.0,7922.4473,442.447265625
13014.0,13351.293,337.29296875
10262.0,10536.435,274.4345703125
9443.0,10338.058,895.0576171875
4667.0,4806.452,139.4521484375
10262.0,10616.608,354.6083984375
14571.0,14051.942,519.0576171875
5320.0,5903.685,583.68505859375
14388.0,13899.79,488.2099609375
10810.0,7159.1523,3650.84765625
3597.0,4196.465,599.46484375
9663.0,9927.498,264.498046875
5092.0,7806.925,2714.9248046875
6442.0,5688.009,753.9912109375
15129.0,15030.177,98.8232421875
3383.0,4127.8877,744.8876953125
10975.0,10549.178,425.822265625
11622.0,10577.16,1044.83984375
15481.0,13387.2,2093.7998046875
9134.0,9720.379,586.37890625
7064.0,7172.9175,108.91748046875
7276.0,7133.6,142.39990234375
14486.0,11600.223,2885.77734375
5989.0,4599.5347,1389.46533203125
8907.0,8131.399,775.60107421875
5755.0,5461.061,293.93896484375
3859.0,3240.053,618.947021484375
13587.0,10967.271,2619.728515625
7480.0,7901.4604,421.46044921875
4049.0,2951.6868,1097.313232421875
7832.0,8116.406,284.40576171875
8040.0,7235.6606,804.33935546875
3175.000000000001,3096.3625,78.63745117187591
9968.0,10556.435,588.4345703125
3873.0,4029.6584,156.658447265625
5069.0,5258.4546,189.45458984375
4491.0,4293.7866,197.21337890625
5740.0,4460.2666,1279.7333984375
4049.0,3705.8958,343.104248046875
13817.0,14277.845,460.8447265625
8891.0,8644.402,246.59765625
7354.0,10094.0625,2740.0625
8529.0,9797.318,1268.318359375
14960.0,14091.108,868.8916015625
10791.0,9804.432,986.568359375
14714.0,14183.753,530.2470703125
6478.0,6363.4497,114.55029296875
3542.999999999999,3244.2703,298.7297363281241
11467.0,13057.686,1590.685546875
5170.0,5433.478,263.47802734375
14151.0,13536.773,614.2265625
3873.0,4291.086,418.0859375
6015.0,5290.923,724.0771484375
14388.0,13827.321,560.6787109375
3384.0,4511.678,1127.67822265625
12373.0,11517.305,855.6953125
2017.0,2348.298,331.298095703125
3597.0,4257.557,660.55712890625
3841.0,3753.7502,87.249755859375
16108.0,11799.693,4308.306640625
12032.0,12697.054,665.0537109375
9149.0,10711.103,1562.1025390625
25430.0,21810.57,3619.4296875
4804.0,4535.089,268.9111328125
9646.0,9095.2295,550.7705078125
15764.0,16663.49,899.490234375
10975.0,10436.635,538.365234375
14388.0,13931.54,456.4599609375
3815.0,4242.6167,427.61669921875
16079.0,14789.07,1289.9296875
2227.0,2556.8787,329.878662109375
17234.0,17189.166,44.833984375
14151.0,12831.038,1319.9619140625
6093.0,6666.5396,573.53955078125
5171.0,6947.3955,1776.3955078125
5613.0,5330.818,282.18212890625
9663.0,10329.692,666.6923828125
5177.0,6542.378,1365.3779296875
4049.999999999999,4737.396,687.3959960937509
9663.0,10057.405,394.4052734375
9443.0,10789.457,1346.45703125
3841.0,3669.5432,171.456787109375
10368.0,10687.123,319.123046875
14388.0,14129.516,258.484375
10844.0,10050.177,793.8232421875
4823.0,4945.95,122.9501953125
14781.0,14432.883,348.1171875
7166.0,7144.494,21.505859375
10368.0,10829.837,461.8369140625
8372.0,8602.576,230.576171875
12384.0,10779.107,1604.892578125
8586.0,9946.157,1360.1572265625
11087.0,10299.81,787.1904296875
3419.0,4429.2715,1010.271484375
6732.0,9609.697,2877.697265625
3873.0,3885.805,12.804931640625
13014.0,13413.125,399.125
16289.0,16634.092,345.091796875
13376.0,13733.689,357.689453125
4326.0,4583.4224,257.42236328125
4030.0,5121.8247,1091.82470703125
12351.0,13001.589,650.5888671875
6121.0,5625.312,495.68798828125
15342.0,12655.114,2686.8857421875
7795.0,8700.758,905.7578125
17524.0,14196.749,3327.2509765625
6838.0,7610.6973,772.697265625
9314.0,9926.226,612.2255859375
2759.0,3277.0037,518.003662109375
12395.0,13102.331,707.3310546875
8879.0,8847.63,31.3701171875
5073.0,4925.4067,147.59326171875
7934.0,8317.784,383.7841796875
16704.0,14823.662,1880.337890625
7485.0,9065.355,1580.35546875
8475.0,9829.102,1354.1015625
13014.0,13492.027,478.02734375
14571.0,14176.512,394.48828125
4319.0,3844.6687,474.331298828125
5969.0,5255.256,713.744140625
14815.0,17332.447,2517.447265625
3419.0,4371.6484,952.6484375
9345.0,8546.78,798.2197265625
9856.0,9099.68,756.3203125
12373.0,11486.186,886.814453125
3897.999999999999,4415.892,517.8920898437509
12373.0,11730.28,642.7197265625
3943.0,4270.2,327.2001953125
9314.0,10076.979,762.978515625
4804.0,4524.026,279.97412109375
13838.0,12308.893,1529.107421875
13243.0,13179.384,63.6162109375
3100.0,2788.9397,311.060302734375
3943.0,4185.058,242.05810546875
14388.0,13931.54,456.4599609375
4544.0,4915.8984,371.8984375
7229.0,6668.998,560.001953125
10877.0,10556.296,320.7041015625
14848.0,11452.347,3395.6533203125
3873.0,3828.5105,44.489501953125
8119.0,11650.31,3531.3095703125
14388.0,14033.03,354.9697265625
5626.0,8518.813,2892.8134765625
8529.0,9553.713,1024.712890625
6442.0,6290.8066,151.193359375
10844.0,10228.36,615.6396484375
7191.0,7358.8047,167.8046875
12692.0,13175.917,483.9169921875
10262.0,10641.457,379.45703125
13014.0,13370.677,356.6767578125
7155.0,9103.794,1948.7939453125
2228.0,3315.1155,1087.115478515625
4632.0,4385.732,246.26806640625
10262.0,10598.647,336.6474609375
8907.0,8215.267,691.7333984375
6442.0,6507.542,65.5419921875
14086.0,13753.207,332.79296875
5975.0,5375.9106,599.08935546875
6961.0,5702.1763,1258.82373046875
4441.0,4990.1675,549.16748046875
4384.0,4948.7983,564.79833984375
3841.0,3643.5994,197.400634765625
3419.0,4460.3877,1041.3876953125
4823.0,4401.8105,421.189453125
6171.0,7703.533,1532.533203125
3597.0,4302.998,705.998046875
22270.0,25387.732,3117.732421875
9663.0,9985.579,322.5791015625
1965.0,2003.3156,38.3155517578125
12692.0,13007.22,315.2197265625
12814.0,12478.4,335.599609375
11542.0,11995.88,453.8798828125
8707.0,12625.804,3918.8037109375
12373.0,11579.941,793.05859375
4174.0,4567.5425,393.54248046875
13376.0,13733.689,357.689453125
17198.0,17339.344,141.34375
13727.0,11184.61,2542.3896484375
7952.0,7875.969,76.03076171875
8099.0,10877.115,2778.115234375
7006.0,6851.3745,154.62548828125
4778.0,4836.816,58.81591796875
7870.0,7878.3564,8.3564453125
6442.0,6116.6826,325.3173828125
5515.0,6546.065,1031.06494140625
7229.0,7332.79,103.7900390625
4423.0,4383.8374,39.16259765625
13014.0,13711.975,697.974609375
8849.0,7129.087,1719.9130859375
13484.0,12707.902,776.09765625
5021.0,5970.6035,949.603515625
8372.0,9078.832,706.83203125
5406.0,6252.0894,846.08935546875
4804.0,4614.7163,189.28369140625
3858.0,4276.555,418.55517578125
14571.0,13869.742,701.2578125
15147.0,15254.275,107.275390625
3897.999999999999,4198.131,300.1308593750009
13882.0,13890.606,8.6064453125
4413.0,4323.406,89.59423828125
16022.0,14285.706,1736.2939453125
13882.0,13822.417,59.5830078125
9526.0,9602.087,76.0869140625
7229.0,6207.6406,1021.359375
26890.0,28992.338,2102.337890625
7198.0,9434.203,2236.203125
8488.0,7620.115,867.884765625
18286.0,16049.367,2236.6328125
11087.0,9947.246,1139.75390625
14634.0,14000.256,633.744140625
11668.0,11547.903,120.0966796875
6116.0,5106.542,1009.4580078125
10262.0,10561.877,299.876953125
13376.0,13837.553,461.552734375
9646.0,9186.824,459.17578125
14871.0,13787.505,1083.4951171875
3971.0,4396.5674,425.5673828125
7832.0,7924.3213,92.3212890625
12898.0,11565.278,1332.7216796875
5198.0,5296.6226,98.62255859375
14871.0,14465.708,405.2919921875
3918.999999999999,3999.347,80.34692382812591
8366.0,10553.938,2187.9384765625
10262.0,10903.821,641.8212890625
12609.0,13665.971,1056.970703125
5644.0,4413.9995,1230.00048828125
9836.0,10823.804,987.8037109375
10262.0,10538.339,276.3388671875
3257.0,3431.3328,174.332763671875
5177.0,6758.613,1581.61279296875
4148.0,4524.4736,376.4736328125
3897.999999999999,4371.6484,473.6484375000009
7229.0,7570.5806,341.58056640625
14151.0,13309.774,841.2255859375
10231.0,11561.811,1330.810546875
4668.0,5150.392,482.39208984375
9968.0,10213.834,245.833984375
4030.0,5121.8247,1091.82470703125
4812.0,5316.505,504.5048828125
13067.0,13137.587,70.5869140625
4668.0,5147.1504,479.150390625
12723.0,12399.769,323.2314453125
10441.0,11256.595,815.5947265625
8834.0,8541.066,292.93359375
12898.0,11562.548,1335.4521484375
4174.0,4479.831,305.8310546875
14781.0,14157.532,623.4677734375
5678.0,7323.228,1645.22802734375
8479.0,8714.114,235.1142578125
10651.0,11561.811,910.810546875
14306.0,17609.002,3303.001953125
10651.0,11525.925,874.9248046875
5678.0,5722.9644,44.96435546875
12557.0,13332.394,775.3935546875
15129.0,14617.82,511.1796875
7575.0,9131.188,1556.1884765625
8355.0,10375.097,2020.0966796875
8001.0,8061.5337,60.53369140625
14571.0,13886.604,684.396484375
5276.0,5146.907,129.0927734375
13941.0,14008.162,67.162109375
5198.0,4963.561,234.43896484375
10844.0,9547.975,1296.025390625
9663.0,10073.329,410.3291015625
3850.0,4099.1367,249.13671875
16704.0,14805.827,1898.1728515625
10262.0,10642.139,380.138671875
11664.0,12006.313,342.3134765625
4413.0,3836.737,576.262939453125
5192.0,7286.394,2094.39404296875
9856.0,8846.581,1009.4189453125
7229.0,7529.2544,300.25439453125
3100.0,3089.8196,10.180419921875
4563.0,5270.776,707.77587890625
13555.0,13810.637,255.63671875
3383.0,4000.223,617.222900390625
5195.0,5239.9595,44.95947265625
8367.0,9719.107,1352.107421875
5644.0,4547.374,1096.6259765625
7503.0,7010.5635,492.4365234375
13941.0,13618.774,322.2255859375
3100.0,3270.327,170.326904296875
15129.0,14520.389,608.611328125
16108.0,10299.691,5808.30859375
15129.0,14660.269,468.7314453125
13873.0,13178.105,694.89453125
2754.0,3929.3318,1175.331787109375
11789.0,11449.392,339.6083984375
12681.0,12767.325,86.3251953125
28097.0,44701.02,16604.01953125
16914.0,16509.523,404.4765625
13029.0,12312.139,716.861328125
11982.0,9761.573,2220.4267578125
2228.0,2975.8079,747.807861328125
10406.0,10099.965,306.03515625
12373.0,11143.35,1229.650390625
14388.0,13949.126,438.8740234375
9486.0,9703.87,217.8701171875
7095.0,5871.6245,1223.37548828125
22270.0,23900.646,1630.646484375
10262.0,10631.193,369.193359375
5883.0,6933.1987,1050.19873046875
31825.0,29550.162,2274.837890625
10368.0,10911.014,543.013671875
10953.0,13077.682,2124.681640625
4049.999999999999,4111.834,61.83398437500091
3918.999999999999,3914.8499,4.1501464843740905
2017.0,2412.1233,395.123291015625
10861.0,11867.452,1006.4521484375
10308.0,10304.912,3.087890625
10667.0,10081.569,585.4306640625
10975.0,10390.465,584.53515625
13135.0,15921.841,2786.8408203125
13941.0,13904.17,36.830078125
10276.0,10125.934,150.06640625
5198.0,5134.6055,63.39453125
6451.0,6019.0415,431.95849609375
14871.0,14567.825,303.1748046875
9794.0,10333.003,539.0029296875
5192.0,6092.5923,900.59228515625
11087.0,10385.158,701.841796875
16736.0,17072.88,336.880859375
3807.0,4087.402,280.402099609375
9564.0,8701.857,862.142578125
13033.0,12722.333,310.6669921875
13727.0,11026.452,2700.5478515625
6297.0,5158.705,1138.294921875
3897.0,5367.165,1470.1650390625
8882.0,9968.0625,1086.0625
5769.0,5904.026,135.02587890625
7229.0,7582.9614,353.96142578125
7480.0,7889.0796,409.07958984375
3342.0,3377.512,35.511962890625
14571.0,13828.634,742.3662109375
4744.0,5235.4863,491.486328125
7476.0,5613.565,1862.43505859375
5069.0,5327.822,258.82177734375
5126.0,6542.3345,1416.33447265625
18286.0,16235.691,2050.30859375
10577.0,10792.584,215.583984375
11647.0,13608.577,1961.5771484375
14571.0,13598.552,972.4482421875
10877.0,9993.216,883.7841796875
12373.0,11647.991,725.0087890625
10262.0,10868.821,606.8212890625
9663.0,10342.724,679.7236328125
7229.0,7451.7295,222.7294921875
2384.999999999999,2417.1296,32.12963867187591
9314.0,7955.673,1358.3271484375
3873.0,3928.9978,55.997802734375
9100.0,10286.017,1186.0166015625
4777.0,5147.7573,370.75732421875
7354.0,10151.323,2797.3232421875
16775.0,15712.201,1062.798828125
8728.0,8670.56,57.4404296875
8098.0,10669.746,2571.74609375
8372.0,9102.3,730.2998046875
10756.0,11879.938,1123.9384765625
12410.0,13212.951,802.951171875
5228.0,5599.2026,371.20263671875
2227.0,2544.4978,317.497802734375
12829.0,14718.704,1889.7041015625
3542.999999999999,3781.6008,238.6008300781259
12239.0,11625.671,613.3291015625
3841.0,3618.9915,222.008544921875
3175.000000000001,3530.9075,355.9074707031241
12725.0,12605.136,119.8642578125
3918.999999999999,3379.3982,539.6018066406241
4957.0,5355.742,398.7421875
13357.0,13825.819,468.8193359375
7851.0,7325.3257,525.67431640625
4591.0,4316.3833,274.61669921875
10406.0,9887.647,518.3525390625
10368.0,10773.453,405.453125
12599.0,13947.413,1348.4130859375
3542.999999999999,3534.536,8.46411132812409
10975.0,10781.927,193.0732421875
4174.0,4507.542,333.5419921875
11600.0,10122.374,1477.6259765625
10441.0,10847.648,406.6484375
11087.0,9646.345,1440.6552734375
8529.0,9514.843,985.8427734375
10262.0,10708.102,446.1015625
6144.0,5641.1157,502.88427734375
2227.0,2848.0105,621.010498046875
5088.0,7983.368,2895.3681640625
6860.0,8225.111,1365.111328125
8586.0,9373.105,787.10546875
8372.0,9079.561,707.560546875
4668.0,5001.355,333.35498046875
6961.0,6050.09,910.91015625
9001.0,10151.976,1150.9755859375
13843.0,13045.64,797.3603515625
10262.0,10774.957,512.95703125
3838.0,3200.4758,637.524169921875
14687.0,13509.374,1177.6259765625
4077.0,4333.8896,256.8896484375
6528.0,7021.388,493.38818359375
3873.0,4336.8975,463.8974609375
6121.0,5185.5376,935.46240234375
10262.0,10665.928,403.927734375
6027.0,5791.8564,235.1435546875
9254.0,8704.131,549.869140625
12395.0,12840.748,445.748046875
8879.0,8545.652,333.34765625
7090.0,8070.6396,980.6396484375
15077.0,14483.906,593.09375
8529.0,9939.7295,1410.7294921875
3858.0,4309.9233,451.92333984375
4757.0,6426.7505,1669.75048828125
4804.0,4558.229,245.77099609375
16079.0,14933.263,1145.7373046875
10208.0,7926.254,2281.74609375
7084.0,10289.321,3205.3212890625
14815.0,16208.567,1393.5673828125
10262.0,10539.855,277.85546875
6117.0,6391.7515,274.75146484375
14151.0,11721.592,2429.408203125
4049.0,3779.57,269.429931640625
4435.0,6179.4453,1744.4453125
4667.0,4800.8228,133.82275390625
15058.0,11743.955,3314.044921875
8099.0,10210.372,2111.3720703125
11982.0,9761.573,2220.4267578125
15284.0,14729.349,554.6513671875
7229.0,7582.098,353.09814453125
3597.0,4303.547,706.546875
17261.0,17122.715,138.28515625
9646.0,8872.832,773.16796875
13014.0,13569.157,555.1572265625
5406.0,7071.428,1665.42822265625
10262.0,10594.934,332.93359375
16289.0,16589.082,300.08203125
8016.0,6826.843,1189.1572265625
8372.0,9091.235,719.2353515625
13882.0,13813.438,68.5615234375
11087.0,10361.984,725.015625
9314.0,8076.338,1237.662109375
4565.0,5023.9775,458.9775390625
15812.0,15922.884,110.8837890625
7005.0,9773.431,2768.4306640625
4049.0,4550.3457,501.345703125
3597.0,4325.0615,728.0615234375
8627.0,12555.251,3928.2509765625
7757.0,9573.4375,1816.4375
4423.0,4405.59,17.41015625
8845.0,7262.066,1582.93408203125
7817.0,6137.012,1679.98779296875
4649.0,5552.0957,903.095703125
7605.0,6295.223,1309.77685546875
8662.0,8507.647,154.3525390625
9653.0,10361.207,708.20703125
8625.0,9486.137,861.13671875
10546.0,10267.519,278.4814453125
7878.0,8060.533,182.533203125
13082.0,12812.756,269.244140625
5775.0,6759.638,984.63818359375
13014.0,13466.864,452.8642578125
10203.0,9297.744,905.255859375
10844.0,10352.469,491.53125
16079.0,14774.39,1304.6103515625
4804.0,4691.789,112.2109375
11270.0,11080.209,189.791015625
13100.0,11442.307,1657.693359375
18804.0,18286.46,517.5390625
13292.0,13608.469,316.46875
22270.0,24906.217,2636.216796875
11200.0,10746.571,453.4287109375
15554.0,14988.783,565.216796875
26890.0,34366.1,7476.1015625
9646.0,9122.245,523.7548828125
8405.0,9809.651,1404.6513671875
5054.0,5953.224,899.22412109375
12284.0,13656.603,1372.6025390625
13067.0,13154.714,87.7138671875
8879.0,9101.005,222.0048828125
8372.0,9201.959,829.958984375
5228.0,5510.3394,282.33935546875
6961.0,5916.264,1044.73583984375
8224.0,8504.744,280.744140625
7229.0,7182.4834,46.5166015625
9663.0,9960.668,297.66796875
7229.0,7609.141,380.14111328125
5117.0,5745.436,628.43603515625
13377.0,9643.717,3733.283203125
12898.0,11603.243,1294.7568359375
7005.0,9149.501,2144.5009765625
5608.0,6583.9595,975.95947265625
3540.0,4098.123,558.123046875
3175.000000000001,3096.3625,78.63745117187591
7229.0,7655.582,426.58203125
3311.0,3848.9436,537.943603515625
8033.0,7174.625,858.375
5158.0,5194.0903,36.09033203125
4409.000000000001,4326.192,82.80810546875091
7408.0,9533.689,2125.689453125
13759.0,14026.839,267.8388671875
3419.0,4273.1104,854.1103515625
11841.0,9973.611,1867.388671875
6121.0,5599.2026,521.79736328125
6961.0,5714.5566,1246.443359375
6216.0,5962.0073,253.99267578125
13292.0,13778.761,486.7607421875
14571.0,14068.601,502.3994140625
14714.0,14322.738,391.26171875
5162.0,5281.2964,119.29638671875
15147.0,15187.623,40.623046875
10697.0,11121.4375,424.4375
12373.0,11547.263,825.7373046875
6015.0,5438.394,576.60595703125
21314.0,17282.664,4031.3359375
9627.0,10474.744,847.744140625
10197.0,11568.9795,1371.9794921875
4049.0,4516.463,467.462890625
6253.0,7021.0156,768.015625
7591.0,8131.468,540.4677734375
9400.0,10791.411,1391.4111328125
13626.0,13900.122,274.1220703125
10877.0,10627.852,249.1484375
7064.0,7398.2183,334.21826171875
6117.0,6467.0684,350.068359375
4804.0,4618.057,185.94287109375
4668.0,5242.651,574.65087890625
10208.0,11516.788,1308.7880859375
16704.0,14887.38,1816.6201171875
1965.0,2094.825,129.824951171875
10539.0,10030.423,508.5771484375
3173.0,2879.5154,293.484619140625
23001.0,17568.818,5432.181640625
6094.0,6156.293,62.29296875
4957.0,5298.2207,341.220703125
9187.0,8861.342,325.658203125
10231.0,11561.811,1330.810546875
11543.0,12237.072,694.072265625
4878.0,5019.0454,141.04541015625
6442.0,6287.36,154.64013671875
13817.0,14277.845,460.8447265625
7229.0,7119.4224,109.57763671875
10844.0,10487.433,356.5673828125
17135.0,17180.19,45.189453125
13584.0,13877.645,293.64453125
8529.0,9678.162,1149.162109375
11982.0,9795.341,2186.6591796875
9315.0,10478.981,1163.9814453125
3480.0,4109.9526,629.95263671875
23677.0,35631.8,11954.80078125
12358.0,13301.168,943.16796875
4823.0,4991.9995,168.99951171875
14067.0,10416.218,3650.7822265625
13817.0,14277.845,460.8447265625
4049.0,4519.8325,470.83251953125
8479.0,8606.078,127.078125
9314.0,10162.877,848.876953125
10262.0,11196.792,934.7919921875
7081.0,6954.673,126.3271484375
4319.0,3460.82,858.179931640625
10031.0,10016.495,14.5048828125
10577.0,10482.651,94.3486328125
17057.0,16620.338,436.662109375
10844.0,10209.162,634.837890625
11134.0,9975.893,1158.107421875
6934.0,6254.3267,679.67333984375
10835.0,11614.16,779.16015625
9416.0,10342.588,926.587890625
5618.0,5964.96,346.9599609375
9794.0,10588.091,794.0908203125
6273.0,7240.1143,967.1142578125
3807.0,4166.787,359.787109375
12819.0,12641.698,177.3017578125
3948.0,6671.2627,2723.2626953125
10368.0,10668.464,300.4638671875
13584.0,14003.027,419.02734375
4049.999999999999,4776.6367,726.6367187500009
6955.0,7052.1045,97.1044921875
5192.0,6960.291,1768.291015625
11134.0,9895.235,1238.7646484375
4990.0,5315.217,325.216796875
14714.0,14830.547,116.546875
2017.0,2600.2961,583.296142578125
12219.0,12465.178,246.177734375
10197.0,11401.307,1204.306640625
4692.0,6128.097,1436.09716796875
4668.0,5226.0435,558.04345703125
4148.0,4928.565,780.56494140625
15129.0,14880.94,248.0595703125
2228.0,3491.6917,1263.691650390625
4030.0,5477.1235,1447.12353515625
13377.0,11253.588,2123.412109375
7503.0,7249.76,253.240234375
11087.0,10170.135,916.865234375
3540.0,3980.7717,440.771728515625
6653.0,8056.964,1403.9638671875
11989.0,12114.724,125.7236328125
13029.0,12296.824,732.17578125
10203.0,9702.628,500.3720703125
7198.0,10840.58,3642.580078125
6351.0,8131.1743,1780.17431640625
5678.0,5669.449,8.55078125
4937.0,5968.854,1031.85400390625
13538.0,12913.62,624.3798828125
10991.0,12508.951,1517.951171875
14973.0,16113.753,1140.7529296875
11789.0,10429.561,1359.439453125
6094.0,5991.6816,102.318359375
14533.0,10307.423,4225.5771484375
5457.0,7296.7183,1839.71826171875
7740.0,9967.688,2227.6884765625
10651.0,10858.612,207.6123046875
5277.0,4395.9243,881.07568359375
5963.0,7839.0566,1876.056640625
10493.0,10725.9795,232.9794921875
5000.0,5315.8516,315.8515625
10351.0,7132.0728,3218.92724609375
11410.0,8808.524,2601.4755859375
12242.0,12611.563,369.5634765625
12373.0,11498.451,874.548828125
11465.0,10661.852,803.1484375
8366.0,8334.675,31.3251953125
3210.0,3276.8523,66.852294921875
5073.0,4962.577,110.4228515625
12032.0,13244.889,1212.888671875
14571.0,13977.24,593.759765625
14214.0,13913.558,300.4423828125
4823.0,4934.105,111.10498046875
3841.0,3642.1296,198.870361328125
8907.0,8246.034,660.9658203125
7398.0,5867.894,1530.10595703125
3841.0,3637.1282,203.871826171875
10844.0,10375.808,468.1923828125
7485.0,9838.907,2353.9072265625
10197.0,11542.469,1345.46875
7202.0,6828.331,373.6689453125
4049.999999999999,3620.0095,429.9904785156241
11627.0,10633.478,993.5224609375
3540.0,4064.2136,524.213623046875
16079.0,15061.236,1017.763671875
13941.0,14100.658,159.658203125
7438.0,8630.805,1192.8046875
16079.0,15052.75,1026.25
8371.0,9174.9375,803.9375
2017.0,2381.7092,364.709228515625
8603.0,10555.927,1952.9267578125
5989.0,4633.444,1355.55615234375
4332.0,5012.682,680.68212890625
11982.0,9705.68,2276.3203125
8714.0,8528.418,185.58203125
10368.0,10637.476,269.4755859375
2754.0,3368.4968,614.496826171875
14714.0,14126.6045,587.3955078125
7229.0,6033.8296,1195.17041015625
6092.0,10379.478,4287.4775390625
3873.0,3854.8767,18.123291015625
11806.0,11045.532,760.4677734375
10844.0,10367.774,476.2255859375
12476.0,12246.497,229.5029296875
13731.0,13574.145,156.85546875
5228.0,5219.917,8.0830078125
14714.0,14251.211,462.7890625
8040.0,7243.603,796.39697265625
10262.0,10931.163,669.1630859375
6017.0,8762.845,2745.8447265625
3542.999999999999,3563.7805,20.78051757812591
12646.0,12408.922,237.078125
17057.0,16835.924,221.076171875
4049.0,4515.0225,466.0224609375
11087.0,11685.076,598.076171875
11622.0,10980.913,641.0869140625
6218.0,6411.2207,193.220703125
10919.0,10905.071,13.9287109375
8610.0,8468.937,141.0634765625
7229.0,7621.522,392.52197265625
11936.0,9552.626,2383.3740234375
7229.0,7421.4375,192.4375
4441.0,5010.0728,569.07275390625
6297.0,4745.883,1551.1171875
10844.0,10050.177,793.8232421875
11093.0,12691.563,1598.5634765625
7826.0,10016.178,2190.177734375
4049.999999999999,3890.723,159.2770996093741
4823.0,4530.0957,292.904296875
7048.0,7042.344,5.65576171875
14151.0,13682.126,468.8740234375
6297.0,5332.1694,964.83056640625
11667.0,10242.367,1424.6328125
12392.0,12183.879,208.12109375
12373.0,11199.367,1173.6328125
3850.0,4566.28,716.27978515625
10844.0,10057.716,786.2841796875
13587.0,11327.812,2259.1884765625
6493.0,6367.0137,125.986328125
3687.0,4309.34,622.33984375
6541.0,5324.0605,1216.939453125
11150.0,11057.688,92.3115234375
4885.0,3923.5173,961.482666015625
13885.0,13200.992,684.0078125
7064.0,7164.012,100.01220703125
5073.0,6209.6587,1136.65869140625
4575.0,5763.0757,1188.07568359375
5620.0,4602.648,1017.35205078125
4487.0,5927.5273,1440.52734375
8446.0,9925.556,1479.5556640625
6327.0,6440.6895,113.689453125
4591.0,4529.903,61.09716796875
11667.0,11145.76,521.240234375
2754.0,3041.2068,287.206787109375
4823.0,4905.7676,82.767578125
10844.0,10210.341,633.6591796875
10405.0,9329.845,1075.1552734375
3597.0,4364.7383,767.73828125
13377.0,11321.797,2055.203125
14973.0,16349.083,1376.0830078125
15318.0,14119.099,1198.9013671875
8479.0,8653.694,174.6943359375
12819.0,13782.647,963.6474609375
6674.0,6476.061,197.93896484375
7408.0,9290.301,1882.30078125
13067.0,13310.61,243.6103515625
5198.0,5136.1284,61.87158203125
6393.0,10624.468,4231.4677734375
6104.0,7057.4746,953.474609375
3858.0,4288.9365,430.9365234375
15170.0,14096.958,1073.0419921875
10877.0,10556.296,320.7041015625
14237.0,13721.946,515.0537109375
8236.0,9282.705,1046.705078125
13801.0,13445.02,355.98046875
7832.0,8491.555,659.5546875
14388.0,14190.06,197.9404296875
10577.0,10905.553,328.552734375
31825.0,26580.86,5244.140625
7005.0,9327.707,2322.70703125
9595.0,10053.217,458.216796875
6959.0,9211.705,2252.705078125
5530.0,4400.523,1129.47705078125
4804.0,4581.3496,222.650390625
9646.0,8777.434,868.56640625
17261.0,17164.95,96.05078125
8586.0,9954.758,1368.7578125
7531.0,10221.0625,2690.0625
7923.0,7973.246,50.24609375
13942.0,12412.382,1529.6181640625
6314.0,6725.009,411.0087890625
14388.0,13982.843,405.1572265625
6065.0,7997.1577,1932.15771484375
7082.0,5318.5454,1763.45458984375
13376.0,13526.621,150.62109375
8553.0,9174.885,621.884765625
4995.0,4609.668,385.33203125
12192.0,11744.614,447.3857421875
8529.0,9752.252,1223.251953125
10262.0,11001.097,739.0966796875
10067.0,13780.834,3713.833984375
2228.0,3291.4236,1063.423583984375
7295.0,10920.03,3625.0302734375
7354.0,10244.589,2890.5888671875
5438.0,5833.5503,395.55029296875
2754.0,2964.7063,210.706298828125
14300.0,14258.599,41.4013671875
10262.0,11178.133,916.1328125
10262.0,10466.175,204.1748046875
13344.0,13017.17,326.830078125
3100.0,2990.7986,109.201416015625
14714.0,14337.757,376.2431640625
14067.0,10944.445,3122.5546875
12373.0,11670.625,702.375
3918.999999999999,3864.2942,54.70581054687409
5883.0,6501.9434,618.943359375
12819.0,13798.721,979.720703125
14178.0,13938.66,239.33984375
8505.0,8129.1465,375.853515625
10262.0,10595.39,333.3896484375
7416.0,7104.6772,311.32275390625
8147.0,8413.707,266.70703125
13626.0,14043.271,417.271484375
4201.0,4807.023,606.02294921875
14714.0,14318.038,395.9619140625
13067.0,13224.384,157.3837890625
17057.0,15725.11,1331.8896484375
13243.0,13075.543,167.45703125
15129.0,14653.461,475.5390625
5201.0,5912.2114,711.21142578125
4462.0,4688.417,226.4169921875
6147.0,5907.9365,239.0634765625
2017.0,2438.6106,421.610595703125
5704.0,7234.99,1530.990234375
4441.0,5716.27,1275.27001953125
9128.0,9818.545,690.544921875
5162.0,5294.996,132.99609375
5601.0,5473.0996,127.900390625
4591.0,4350.762,240.23779296875
12284.0,13609.803,1325.802734375
6442.0,5711.93,730.06982421875
4282.0,5312.4224,1030.42236328125
7480.0,8039.415,559.4150390625
5177.0,8599.8,3422.7998046875
4963.0,5536.932,573.93212890625
6818.0,6623.4463,194.5537109375
3841.0,3665.2097,175.790283203125
14960.0,14335.821,624.1787109375
3332.0,3810.3186,478.318603515625
3100.0,3219.2917,119.291748046875
11678.0,12979.425,1301.4248046875
21520.0,15370.52,6149.48046875
10782.0,14228.383,3446.3828125
12242.0,12442.938,200.9384765625
2754.0,3201.0457,447.045654296875
3383.0,3896.989,513.989013671875
14300.0,14186.32,113.6796875
9871.0,10819.51,948.509765625
6305.0,9969.644,3664.6435546875
2017.0,2547.161,530.160888671875
6206.0,6979.858,773.85791015625
3687.0,4356.664,669.6640625
7618.0,10834.498,3216.498046875
15129.0,14808.295,320.705078125
9663.0,10145.5625,482.5625
12898.0,11477.464,1420.5361328125
6896.0,7336.2817,440.28173828125
10262.0,11034.428,772.427734375
4804.0,4330.7627,473.2373046875
10844.0,9729.86,1114.1396484375
8443.0,10695.98,2252.98046875
10262.0,10649.342,387.341796875
5228.0,5174.2583,53.74169921875
5628.0,8712.167,3084.1669921875
4804.0,4357.751,446.2490234375
15129.0,14633.917,495.0830078125
12242.0,12460.468,218.4677734375
6121.0,5561.471,559.52880859375
9258.0,9395.157,137.1572265625
5224.0,4701.5474,522.45263671875
8907.0,8714.318,192.681640625
14067.0,11206.121,2860.87890625
4995.0,4849.445,145.55517578125
6094.0,6171.986,77.98583984375
10697.0,11130.661,433.6611328125
11432.0,11752.551,320.55078125
13748.0,13703.27,44.73046875
14781.0,14300.042,480.9580078125
14151.0,13685.595,465.4052734375
2384.999999999999,2043.11,341.8900146484366
5224.0,4643.508,580.4921875
7202.0,6288.6035,913.396484375
4804.0,4237.717,566.283203125
5069.0,5310.4585,241.45849609375
4409.000000000001,5178.2627,769.2626953124991
10844.0,10050.389,793.611328125
3597.0,4374.292,777.2919921875
11185.0,6131.902,5053.09814453125
13790.0,12354.06,1435.9404296875
14151.0,13438.738,712.26171875
12192.0,11709.744,482.255859375
7927.0,8842.864,915.8642578125
7229.0,6862.2446,366.75537109375
7229.0,6828.8774,400.12255859375
11241.0,8958.248,2282.751953125
6309.0,5113.3135,1195.6865234375
12646.0,12398.066,247.93359375
10413.0,9429.369,983.630859375
11467.0,13192.702,1725.7021484375
11161.0,10414.58,746.419921875
16704.0,14870.918,1833.08203125
15129.0,14714.912,414.087890625
2227.0,3208.2507,981.250732421875
2227.0,2518.6409,291.640869140625
5797.0,7691.8184,1894.818359375
9736.0,12955.32,3219.3203125
4804.0,4346.488,457.51220703125
4282.0,4980.0327,698.03271484375
12373.0,11353.067,1019.9326171875
3971.0,4378.552,407.5517578125
8784.0,7440.365,1343.634765625
3918.999999999999,3948.2615,29.26147460937591
10844.0,10519.082,324.91796875
8759.0,8615.033,143.966796875
14571.0,14292.876,278.1240234375
4377.0,6087.2524,1710.25244140625
8040.0,7250.8438,789.15625
8834.0,9252.593,418.5927734375
3847.000000000001,4828.619,981.6191406249991
10808.0,11229.244,421.244140625
10262.0,10498.671,236.6708984375
8452.0,8320.879,131.12109375
13882.0,13808.848,73.15234375
2754.0,2996.2302,242.230224609375
10493.0,10592.221,99.220703125
4483.0,4263.5435,219.45654296875
6015.0,5346.988,668.01220703125
13067.0,13542.856,475.8564453125
9358.0,9417.665,59.6650390625
12475.0,10519.522,1955.4775390625
13759.0,14244.322,485.322265625
4423.0,4517.111,94.11083984375
3925.0,5113.3135,1188.3134765625
6979.0,6886.5,92.5
7229.0,5389.902,1839.09814453125
3943.0,4138.805,195.80517578125
8040.0,6357.77,1682.22998046875
12373.0,11555.281,817.71875
8075.0,6947.031,1127.96923828125
7064.0,7324.531,260.53076171875
8770.0,10392.872,1622.8720703125
3873.0,3855.6658,17.334228515625
6795.0,9588.621,2793.62109375
13941.0,13713.349,227.6513671875
7174.0,6827.2188,346.78125
11200.0,9902.905,1297.0947265625
6442.0,6294.6133,147.38671875
3210.0,3108.1965,101.803466796875
5694.0,5808.3296,114.32958984375
3847.000000000001,4229.4434,382.4433593749991
8855.0,8346.861,508.138671875
10844.0,10368.081,475.9189453125
7229.0,7380.66,151.66015625
13941.0,13754.249,186.7509765625
10844.0,10470.376,373.6240234375
4823.0,4944.9785,121.978515625
3873.0,4257.626,384.6259765625
12853.0,10176.74,2676.259765625
4957.0,7770.027,2813.02685546875
10262.0,10688.763,426.7626953125
8576.0,8928.315,352.3154296875
12395.0,13162.141,767.140625
4804.0,4236.898,567.10205078125
5510.0,5297.9985,212.00146484375
7174.0,8202.127,1028.126953125
6093.0,6694.212,601.2119140625
4649.0,5502.4775,853.4775390625
9653.0,10325.677,672.6767578125
12898.0,11816.072,1081.927734375
6245.0,5324.1997,920.80029296875
6741.0,6581.0923,159.90771484375
7229.0,7425.4976,196.49755859375
19508.0,9260.421,10247.5791015625
12898.0,11463.331,1434.6689453125
13292.0,13509.725,217.724609375
8327.0,11211.209,2884.208984375
4878.0,5203.392,325.39208984375
15129.0,14663.195,465.8046875
13764.0,14328.568,564.568359375
10676.0,11018.235,342.2353515625
3542.999999999999,3225.032,317.9680175781241
10262.0,10786.721,524.720703125
10703.0,9450.79,1252.2099609375
8098.0,8553.779,455.779296875
15129.0,14732.547,396.453125
14781.0,13965.572,815.427734375
4282.0,4256.68,25.31982421875
13029.0,12260.769,768.2314453125
5224.0,4586.7686,637.2314453125
15129.0,14695.369,433.630859375
11087.0,9453.806,1633.1943359375
2227.0,2712.7625,485.762451171875
3918.999999999999,3973.8152,54.81518554687591
10877.0,9885.8125,991.1875
7888.0,10019.805,2131.8046875
4804.0,4254.8813,549.11865234375
12224.0,12384.435,160.4345703125
2227.0,2486.052,259.052001953125
5678.0,8817.1875,3139.1875
3841.0,3954.9934,113.993408203125
10368.0,10761.176,393.17578125
4668.0,5163.2407,495.24072265625
6795.0,10280.904,3485.904296875
9134.0,9059.569,74.4306640625
8016.0,7617.06,398.93994140625
14848.0,10447.441,4400.55859375
12723.0,12352.437,370.5634765625
10262.0,10672.988,410.98828125
14871.0,14581.957,289.04296875
9424.0,9536.1455,112.1455078125
7229.0,7285.345,56.34521484375
3542.999999999999,3432.946,110.05395507812409
14388.0,13999.662,388.337890625
25735.0,26821.727,1086.7265625
3540.0,3993.153,453.153076171875
5613.0,5267.423,345.5771484375
15129.0,14586.228,542.7724609375
14237.0,14395.414,158.4140625
8714.0,7183.615,1530.384765625
7229.0,6099.3984,1129.6015625
15135.0,15447.886,312.8857421875
6938.0,6641.998,296.001953125
4823.0,4993.464,170.4638671875
10577.0,10753.738,176.73828125
4995.0,3887.1248,1107.875244140625
10953.0,13221.003,2268.0029296875
11467.0,13205.784,1738.7841796875
10368.0,10724.455,356.455078125
6496.0,5726.204,769.7958984375
12242.0,12392.248,150.248046875
5894.0,6802.169,908.1689453125
3858.0,4857.9395,999.939453125
12140.0,12984.313,844.3134765625
3100.0,3299.8855,199.885498046875
10118.0,11685.397,1567.3974609375
6600.0,6778.7515,178.75146484375
7229.0,5821.635,1407.365234375
3873.0,3756.1882,116.811767578125
8026.0,8797.65,771.650390625
6478.0,6124.892,353.10791015625
5403.0,5158.2095,244.79052734375
3597.0,3805.319,208.319091796875
7480.0,7947.938,467.93798828125
8372.0,8950.651,578.6513671875
12819.0,13665.971,846.970703125
14781.0,14208.719,572.28125
13014.0,13514.323,500.3232421875
5636.0,6026.5156,390.515625
14714.0,14333.061,380.939453125
14714.0,14262.926,451.07421875
8586.0,9877.525,1291.525390625
11150.0,11234.101,84.1005859375
14571.0,13834.643,736.357421875
3597.0,3845.1135,248.113525390625
10407.0,11570.685,1163.6845703125
5277.0,6025.8564,748.8564453125
6818.0,6623.4463,194.5537109375
9794.0,11274.6,1480.599609375
3841.0,3742.513,98.487060546875
6752.0,7307.3384,555.33837890625
13029.0,12456.482,572.517578125
16079.0,15297.937,781.0634765625
8529.0,9690.471,1161.470703125
6795.0,9052.777,2257.77734375
17493.0,16049.367,1443.6328125
6937.0,8920.501,1983.5009765625
10844.0,10543.898,300.1015625
4049.0,3759.299,289.700927734375
7563.0,7612.7095,49.70947265625
12080.0,11080.539,999.4609375
7038.0,8312.769,1274.7685546875
6938.0,5560.8926,1377.107421875
8456.0,5938.9365,2517.0634765625
3841.0,3496.778,344.221923828125
4668.0,4996.7373,328.7373046875
11518.0,10971.615,546.384765625
10844.0,10050.177,793.8232421875
7662.0,7812.4233,150.42333984375
14924.0,14202.412,721.587890625
8055.0,8254.1,199.099609375
14388.0,13957.023,430.9765625
7738.0,7699.991,38.0087890625
2227.0,2629.2078,402.207763671875
4957.0,5364.252,407.251953125
14441.0,14976.93,535.9296875
4995.0,3899.7634,1095.236572265625
2017.0,2833.4368,816.436767578125
6117.0,6427.485,310.48486328125
3419.0,4163.005,744.0048828125
13817.0,14127.46,310.4599609375
14151.0,13370.697,780.302734375
5088.0,5186.0806,98.08056640625
5769.0,6114.908,345.908203125
10844.0,10525.608,318.3916015625
4729.0,5280.564,551.56396484375
10368.0,10696.01,328.009765625
6478.0,6192.4326,285.5673828125
13439.0,14935.045,1496.044921875
5177.0,8560.782,3383.7822265625
4878.0,5220.974,342.97412109375
12524.0,9886.464,2637.5361328125
3943.0,4503.1924,560.1923828125
6901.0,10322.606,3421.6064453125
14781.0,14141.041,639.958984375
13587.0,11159.624,2427.3759765625
13014.0,13944.587,930.5869140625
6961.0,5735.543,1225.45703125
4995.0,4590.127,404.873046875
12898.0,11565.728,1332.2724609375
9416.0,10136.708,720.7080078125
4465.0,4260.6543,204.345703125
7005.0,9459.21,2454.2099609375
8016.0,7604.679,411.32080078125
5228.0,5235.049,7.048828125
3943.0,4745.773,802.77294921875
13243.0,12984.313,258.6865234375
9732.0,11526.319,1794.3193359375
6442.0,6345.7207,96.279296875
11602.0,11865.839,263.8388671875
7408.0,10867.098,3459.09765625
7408.0,10886.547,3478.546875
4622.0,5764.528,1142.52783203125
7452.0,6008.794,1443.2060546875
4823.0,4311.2803,511.7197265625
13731.0,13912.552,181.5517578125
